Wavelength	Transmittance	hex_color	Manufacturer	Name	Filter Number
570	2e-05	#838383	Omega	645AF30 Bandpass	W5070
571	2e-05				
572	2e-05				
573	2e-05				
574	1e-05				
575	2e-05				
576	0.0				
577	1e-05				
578	3e-05				
579	5e-05				
580	4e-05				
581	0.0				
582	2e-05				
583	0.0				
584	0.0				
585	4e-05				
586	0.0				
587	0.0				
588	0.0				
589	3e-05				
590	0.0				
591	4e-05				
592	0.0				
593	4e-05				
594	1e-05				
595	0.0				
596	3e-05				
597	0.0				
598	2e-05				
599	2e-05				
600	5e-05				
601	0.0				
602	3e-05				
603	0.0				
604	0.0				
605	0.0				
606	1e-05				
607	0.0				
608	0.0				
609	0.0				
610	2e-05				
611	3e-05				
612	0.0				
613	0.0				
614	4e-05				
615	1e-05				
616	7.000000000000001e-05				
617	5e-05				
618	5e-05				
619	8.999999999999999e-05				
620	8.999999999999999e-05				
621	0.00012				
622	0.00033				
623	0.00055				
624	0.0011799999999999998				
625	0.00271				
626	0.006710000000000001				
627	0.01889				
628	0.060110000000000004				
629	0.19987				
630	0.53561				
631	0.87122				
632	0.9516500000000001				
633	0.94119				
634	0.94428				
635	0.95631				
636	0.9641500000000001				
637	0.96709				
638	0.96788				
639	0.9675499999999999				
640	0.96634				
641	0.96435				
642	0.96369				
643	0.96281				
644	0.96242				
645	0.9629300000000001				
646	0.96277				
647	0.96172				
648	0.9580200000000001				
649	0.95588				
650	0.95406				
651	0.95407				
652	0.9577				
653	0.9615				
654	0.9629000000000001				
655	0.96256				
656	0.9584600000000001				
657	0.95718				
658	0.9478				
659	0.8480599999999999				
660	0.55281				
661	0.22291				
662	0.06849999999999999				
663	0.02136				
664	0.00734				
665	0.0028699999999999997				
666	0.00124				
667	0.0005899999999999999				
668	0.00024				
669	0.00012				
670	0.00010999999999999999				
671	4e-05				
672	2e-05				
673	0.0				
674	0.0				
675	0.0				
676	0.0				
677	3e-05				
678	0.0				
679	2e-05				
680	2e-05				
681	1e-05				
682	0.0				
683	3e-05				
684	0.0				
685	0.0				
686	0.0				
687	1e-05				
688	7.000000000000001e-05				
689	4e-05				
690	3e-05				
691	3e-05				
692	2e-05				
693	0.0				
694	0.0				
695	2e-05				
696	0.0				
697	3e-05				
698	1e-05				
699	0.0				
700	3e-05				
701	0.0				
702	0.0				
703	0.0				
704	1e-05				
705	1e-05				
706	2e-05				
707	2e-05				
708	2e-05				
709	3e-05				
710	1e-05				
711	2e-05				
712	0.0				
713	3e-05				
714	0.0				
715	3e-05				
716	0.0				
717	2e-05				
718	0.0				
719	0.0				
720	0.0				
